200.0,-5.0E-4,0.8399
283.1578947368421,-2.6E-4,0.822
366.31578947368416,-1.3E-4,0.8218
449.47368421052624,-7.0E-5,0.8142
532.6315789473683,1.3E-4,0.8174
615.7894736842104,7.0E-5,0.8096
698.9473684210525,-4.0E-5,0.8098
782.1052631578946,-1.9E-4,0.8134
865.2631578947367,-5.0E-5,0.8127
948.4210526315787,3.0E-5,0.8066
1031.5789473684208,-4.2E-4,0.8156
1114.736842105263,1.9E-4,0.7981
1197.894736842105,-3.0E-5,0.8028
1281.052631578947,2.0E-5,0.8072
1364.2105263157891,-9.0E-5,0.8095
1447.3684210526312,4.0E-5,0.8081
1530.5263157894733,9.0E-5,0.8056
1613.6842105263154,4.0E-5,0.8056
1696.8421052631575,-8.0E-5,0.8055
1779.9999999999995,4.0E-5,0.809
200.0,-4.1E-4,0.8389
283.1578947368421,-1.6E-4,0.8156
366.31578947368416,9.0E-5,0.8168
449.47368421052624,0.0,0.8103
532.6315789473683,-3.0E-5,0.8126
615.7894736842104,1.0E-5,0.8093
698.9473684210525,-2.3E-4,0.8145
782.1052631578946,6.0E-5,0.8095
865.2631578947367,1.1E-4,0.8048
948.4210526315787,1.3E-4,0.8077
1031.5789473684208,1.4E-4,0.8108
1114.736842105263,9.0E-5,0.8074
1197.894736842105,1.0E-4,0.8116
1281.052631578947,-6.0E-5,0.8033
1364.2105263157891,-1.0E-5,0.8025
1447.3684210526312,-1.6E-4,0.8022
1530.5263157894733,1.0E-4,0.8031
1613.6842105263154,1.0E-5,0.8004
1696.8421052631575,1.7E-4,0.7987
1779.9999999999995,1.0E-5,0.8028
200.0,-6.0E-4,0.8334
283.1578947368421,-1.2E-4,0.8308
366.31578947368416,-1.4E-4,0.8227
449.47368421052624,-6.0E-5,0.8135
532.6315789473683,-2.8E-4,0.8137
615.7894736842104,8.0E-5,0.8121
698.9473684210525,5.0E-5,0.8081
782.1052631578946,-9.0E-5,0.8115
865.2631578947367,-1.6E-4,0.8047
948.4210526315787,-9.0E-5,0.8147
1031.5789473684208,-6.0E-5,0.81
1114.736842105263,-9.0E-5,0.8013
1197.894736842105,-5.0E-5,0.7995
1281.052631578947,-2.0E-5,0.8037
1364.2105263157891,1.2E-4,0.8024
1447.3684210526312,-1.6E-4,0.8058
1530.5263157894733,-1.7E-4,0.8033
1613.6842105263154,-2.3E-4,0.8019
1696.8421052631575,8.0E-5,0.803
1779.9999999999995,-1.5E-4,0.8109
200.0,-4.8E-4,0.8338
283.1578947368421,-2.0E-4,0.8199
366.31578947368416,-1.9E-4,0.8249
449.47368421052624,-2.9E-4,0.8181
532.6315789473683,-2.5E-4,0.8097
615.7894736842104,2.0E-5,0.8107
698.9473684210525,-3.0E-5,0.8102
782.1052631578946,3.0E-5,0.8085
865.2631578947367,3.0E-5,0.808
948.4210526315787,-1.0E-4,0.8128
1031.5789473684208,-1.3E-4,0.8062
1114.736842105263,-3.0E-5,0.8097
1197.894736842105,8.0E-5,0.8067
1281.052631578947,-1.4E-4,0.801
1364.2105263157891,-1.7E-4,0.8064
1447.3684210526312,-6.0E-5,0.8035
1530.5263157894733,1.0E-4,0.8095
1613.6842105263154,2.4E-4,0.7991
1696.8421052631575,-6.0E-5,0.8069
1779.9999999999995,-2.0E-5,0.8098
200.0,-3.0E-4,0.8335
283.1578947368421,-7.0E-5,0.8224
366.31578947368416,-3.3E-4,0.8199
449.47368421052624,1.0E-5,0.8158
532.6315789473683,-1.4E-4,0.822
615.7894736842104,4.0E-5,0.8076
698.9473684210525,-5.0E-5,0.8113
782.1052631578946,-1.2E-4,0.8092
865.2631578947367,0.0,0.808
948.4210526315787,-1.9E-4,0.8089
1031.5789473684208,2.7E-4,0.803
1114.736842105263,1.7E-4,0.8075
1197.894736842105,-1.0E-5,0.8026
1281.052631578947,3.0E-5,0.8049
1364.2105263157891,1.4E-4,0.8009
1447.3684210526312,1.2E-4,0.8001
1530.5263157894733,2.2E-4,0.8019
1613.6842105263154,-2.0E-5,0.8024
1696.8421052631575,-1.6E-4,0.7995
1779.9999999999995,-3.0E-5,0.7981
200.0,-3.2E-4,0.8379
283.1578947368421,-2.2E-4,0.8316
366.31578947368416,-4.0E-5,0.823
449.47368421052624,4.0E-5,0.8189
532.6315789473683,-1.8E-4,0.8127
615.7894736842104,-1.4E-4,0.8131
698.9473684210525,-3.0E-5,0.8082
782.1052631578946,-1.5E-4,0.8065
865.2631578947367,-1.0E-4,0.8146
948.4210526315787,4.0E-5,0.8042
1031.5789473684208,2.5E-4,0.8055
1114.736842105263,-1.0E-5,0.8045
1197.894736842105,8.0E-5,0.8055
1281.052631578947,-1.6E-4,0.8038
1364.2105263157891,0.0,0.8026
1447.3684210526312,-7.0E-5,0.8014
1530.5263157894733,-8.0E-5,0.8021
1613.6842105263154,1.2E-4,0.8011
1696.8421052631575,9.0E-5,0.7945
1779.9999999999995,2.6E-4,0.8009
200.0,-6.4E-4,0.84
283.1578947368421,-1.0E-4,0.8255
366.31578947368416,-1.5E-4,0.8153
449.47368421052624,-2.1E-4,0.8167
532.6315789473683,7.0E-5,0.8167
615.7894736842104,-1.7E-4,0.8115
698.9473684210525,1.4E-4,0.804
782.1052631578946,4.0E-5,0.808
865.2631578947367,-7.0E-5,0.8071
948.4210526315787,1.0E-5,0.8084
1031.5789473684208,4.0E-5,0.8016
1114.736842105263,-2.0E-4,0.8134
1197.894736842105,2.6E-4,0.8032
1281.052631578947,-4.0E-5,0.8038
1364.2105263157891,2.0E-5,0.8027
1447.3684210526312,8.0E-5,0.8081
1530.5263157894733,3.0E-5,0.8034
1613.6842105263154,5.0E-5,0.8094
1696.8421052631575,-1.2E-4,0.8031
1779.9999999999995,-1.0E-4,0.8004
200.0,-4.4E-4,0.8351
283.1578947368421,-2.4E-4,0.8252
366.31578947368416,-5.0E-5,0.8116
449.47368421052624,-2.9E-4,0.813
532.6315789473683,-2.5E-4,0.8125
615.7894736842104,-1.4E-4,0.803
698.9473684210525,-3.0E-5,0.8161
782.1052631578946,1.5E-4,0.809
865.2631578947367,-2.0E-4,0.8108
948.4210526315787,-9.0E-5,0.809
1031.5789473684208,1.3E-4,0.8042
1114.736842105263,-1.1E-4,0.8033
1197.894736842105,1.0E-4,0.8115
1281.052631578947,-2.0E-4,0.8067
1364.2105263157891,-1.5E-4,0.8017
1447.3684210526312,-2.5E-4,0.8044
1530.5263157894733,-4.0E-5,0.7993
1613.6842105263154,4.0E-5,0.8038
1696.8421052631575,0.0,0.8092
1779.9999999999995,0.0,0.7987
200.0,-6.4E-4,0.8392
283.1578947368421,-1.5E-4,0.8249
366.31578947368416,-1.4E-4,0.8231
449.47368421052624,-4.0E-5,0.818
532.6315789473683,-1.8E-4,0.8098
615.7894736842104,1.0E-5,0.805
698.9473684210525,-7.0E-5,0.8113
782.1052631578946,1.0E-4,0.8091
865.2631578947367,-1.0E-5,0.8023
948.4210526315787,1.8E-4,0.8021
1031.5789473684208,1.3E-4,0.8087
1114.736842105263,3.0E-5,0.8
1197.894736842105,-1.2E-4,0.8032
1281.052631578947,6.0E-5,0.8102
1364.2105263157891,-7.0E-5,0.8027
1447.3684210526312,-6.0E-5,0.804
1530.5263157894733,3.1E-4,0.8061
1613.6842105263154,-1.8E-4,0.8031
1696.8421052631575,-1.6E-4,0.8099
1779.9999999999995,-1.3E-4,0.8031
200.0,-5.0E-4,0.8403
283.1578947368421,-1.0E-5,0.8253
366.31578947368416,-3.2E-4,0.8231
449.47368421052624,-8.0E-5,0.816
532.6315789473683,1.0E-4,0.8135
615.7894736842104,-1.8E-4,0.8168
698.9473684210525,-6.0E-5,0.8061
782.1052631578946,-2.0E-5,0.8029
865.2631578947367,1.0E-5,0.8071
948.4210526315787,1.0E-5,0.811
1031.5789473684208,-6.0E-5,0.8076
1114.736842105263,-2.6E-4,0.8002
1197.894736842105,8.0E-5,0.7988
1281.052631578947,1.4E-4,0.8061
1364.2105263157891,-9.0E-5,0.8048
1447.3684210526312,2.0E-5,0.8095
1530.5263157894733,1.0E-5,0.8117
1613.6842105263154,-1.0E-5,0.7984
1696.8421052631575,-2.3E-4,0.8134
1779.9999999999995,1.0E-5,0.8051
200.0,-4.7E-4,0.8379
283.1578947368421,-4.1E-4,0.8217
366.31578947368416,-6.0E-5,0.8235
449.47368421052624,-6.0E-5,0.8122
532.6315789473683,-8.0E-5,0.8098
615.7894736842104,3.0E-5,0.8064
698.9473684210525,8.0E-5,0.8173
782.1052631578946,-1.1E-4,0.8084
865.2631578947367,1.5E-4,0.8016
948.4210526315787,-3.0E-5,0.8035
1031.5789473684208,-3.0E-5,0.8025
1114.736842105263,3.0E-5,0.8001
1197.894736842105,-2.8E-4,0.8133
1281.052631578947,2.6E-4,0.8054
1364.2105263157891,-2.1E-4,0.8063
1447.3684210526312,-4.0E-5,0.8029
1530.5263157894733,4.0E-5,0.7982
1613.6842105263154,-1.0E-5,0.7982
1696.8421052631575,5.0E-5,0.806
1779.9999999999995,5.0E-5,0.8091
200.0,-4.1E-4,0.832
283.1578947368421,-4.0E-5,0.8175
366.31578947368416,-2.3E-4,0.8209
449.47368421052624,5.0E-5,0.8127
532.6315789473683,-1.0E-5,0.8133
615.7894736842104,6.0E-5,0.8106
698.9473684210525,7.0E-5,0.8153
782.1052631578946,-8.0E-5,0.8068
865.2631578947367,0.0,0.8041
948.4210526315787,3.0E-5,0.8015
1031.5789473684208,-2.1E-4,0.8027
1114.736842105263,-7.0E-5,0.8023
1197.894736842105,-1.8E-4,0.804
1281.052631578947,5.0E-5,0.8053
1364.2105263157891,-2.0E-4,0.7998
1447.3684210526312,1.4E-4,0.8028
1530.5263157894733,-6.0E-5,0.8109
1613.6842105263154,-1.1E-4,0.8077
1696.8421052631575,-1.0E-4,0.8066
1779.9999999999995,-9.0E-5,0.8047
200.0,-4.9E-4,0.8363
283.1578947368421,-2.8E-4,0.8248
366.31578947368416,-9.0E-5,0.815
449.47368421052624,-2.3E-4,0.8168
532.6315789473683,1.6E-4,0.8145
615.7894736842104,-2.0E-5,0.8138
698.9473684210525,-1.2E-4,0.8108
782.1052631578946,-8.0E-5,0.8177
865.2631578947367,-6.0E-5,0.8054
948.4210526315787,-3.0E-5,0.808
1031.5789473684208,6.0E-5,0.8033
1114.736842105263,-5.0E-5,0.8087
1197.894736842105,-4.0E-5,0.8029
1281.052631578947,-6.0E-5,0.8001
1364.2105263157891,-1.4E-4,0.8089
1447.3684210526312,3.0E-5,0.8081
1530.5263157894733,-1.4E-4,0.8037
1613.6842105263154,-2.8E-4,0.808
1696.8421052631575,-2.1E-4,0.8066
1779.9999999999995,-6.0E-5,0.8088
200.0,-3.6E-4,0.8379
283.1578947368421,-3.0E-5,0.829
366.31578947368416,-1.9E-4,0.8198
449.47368421052624,-8.0E-5,0.8206
532.6315789473683,-1.0E-5,0.8142
615.7894736842104,-9.0E-5,0.8111
698.9473684210525,1.5E-4,0.8074
782.1052631578946,-1.4E-4,0.8052
865.2631578947367,2.3E-4,0.8064
948.4210526315787,0.0,0.8111
1031.5789473684208,-5.0E-5,0.8043
1114.736842105263,-1.0E-5,0.8022
1197.894736842105,1.0E-4,0.8044
1281.052631578947,1.2E-4,0.8051
1364.2105263157891,3.0E-5,0.807
1447.3684210526312,-8.0E-5,0.8015
1530.5263157894733,-1.8E-4,0.798
1613.6842105263154,4.0E-5,0.8045
1696.8421052631575,-1.1E-4,0.805
1779.9999999999995,1.2E-4,0.7979
200.0,-3.9E-4,0.8414
283.1578947368421,-2.2E-4,0.8209
366.31578947368416,2.0E-5,0.8259
449.47368421052624,-1.2E-4,0.8116
532.6315789473683,-1.0E-4,0.8187
615.7894736842104,1.2E-4,0.809
698.9473684210525,1.1E-4,0.8072
782.1052631578946,6.0E-5,0.8042
865.2631578947367,4.0E-5,0.8045
948.4210526315787,1.2E-4,0.81
1031.5789473684208,5.0E-5,0.8035
1114.736842105263,1.6E-4,0.804
1197.894736842105,1.0E-4,0.8042
1281.052631578947,1.7E-4,0.8073
1364.2105263157891,-1.4E-4,0.8094
1447.3684210526312,-3.2E-4,0.8084
1530.5263157894733,2.0E-5,0.8062
1613.6842105263154,-1.2E-4,0.7975
1696.8421052631575,-4.0E-5,0.8023
1779.9999999999995,2.0E-5,0.8027
200.0,-2.9E-4,0.834
283.1578947368421,-1.2E-4,0.8245
366.31578947368416,-6.0E-5,0.8159
449.47368421052624,-9.0E-5,0.8147
532.6315789473683,-1.3E-4,0.8151
615.7894736842104,-2.0E-5,0.8058
698.9473684210525,-5.0E-5,0.8081
782.1052631578946,-3.1E-4,0.8097
865.2631578947367,-9.0E-5,0.8148
948.4210526315787,-1.0E-4,0.8074
1031.5789473684208,-1.5E-4,0.8149
1114.736842105263,-1.0E-4,0.8088
1197.894736842105,-1.6E-4,0.8087
1281.052631578947,0.0,0.7988
1364.2105263157891,-4.0E-5,0.8059
1447.3684210526312,-9.0E-5,0.8066
1530.5263157894733,-2.1E-4,0.8023
1613.6842105263154,-5.0E-5,0.8084
1696.8421052631575,-9.0E-5,0.8004
1779.9999999999995,1.0E-5,0.8108
200.0,-5.0E-4,0.8377
283.1578947368421,-3.2E-4,0.8214
366.31578947368416,-5.0E-5,0.8206
449.47368421052624,8.0E-5,0.8118
532.6315789473683,-1.2E-4,0.816
615.7894736842104,2.9E-4,0.8114
698.9473684210525,-7.0E-5,0.8036
782.1052631578946,1.3E-4,0.8055
865.2631578947367,-2.2E-4,0.8048
948.4210526315787,-1.2E-4,0.8057
1031.5789473684208,-1.2E-4,0.807
1114.736842105263,-2.2E-4,0.8073
1197.894736842105,2.0E-5,0.8069
1281.052631578947,1.0E-5,0.8007
1364.2105263157891,-1.3E-4,0.8116
1447.3684210526312,0.0,0.8056
1530.5263157894733,2.0E-5,0.8044
1613.6842105263154,-1.6E-4,0.7965
1696.8421052631575,-2.0E-5,0.8024
1779.9999999999995,-1.0E-5,0.8038
200.0,-4.8E-4,0.8391
283.1578947368421,-1.7E-4,0.8235
366.31578947368416,1.2E-4,0.8143
449.47368421052624,-1.1E-4,0.8144
532.6315789473683,-1.3E-4,0.8097
615.7894736842104,-4.0E-5,0.8053
698.9473684210525,4.0E-5,0.8026
782.1052631578946,-1.6E-4,0.8073
865.2631578947367,0.0,0.8064
948.4210526315787,-1.0E-4,0.8138
1031.5789473684208,-1.3E-4,0.8107
1114.736842105263,5.0E-5,0.8076
1197.894736842105,4.0E-5,0.8031
1281.052631578947,7.0E-5,0.8066
1364.2105263157891,-4.0E-5,0.8047
1447.3684210526312,-2.9E-4,0.8081
1530.5263157894733,-6.0E-5,0.8055
1613.6842105263154,1.6E-4,0.8057
1696.8421052631575,9.0E-5,0.8063
1779.9999999999995,1.3E-4,0.7997
200.0,-3.8E-4,0.8374
283.1578947368421,-1.4E-4,0.8251
366.31578947368416,5.0E-5,0.8197
449.47368421052624,1.0E-4,0.8159
532.6315789473683,-4.0E-5,0.8134
615.7894736842104,0.0,0.8122
698.9473684210525,0.0,0.813
782.1052631578946,-9.0E-5,0.8147
865.2631578947367,-7.0E-5,0.8075
948.4210526315787,-1.6E-4,0.8078
1031.5789473684208,-1.4E-4,0.8139
1114.736842105263,2.5E-4,0.7991
1197.894736842105,-5.0E-5,0.8051
1281.052631578947,1.4E-4,0.8061
1364.2105263157891,8.0E-5,0.8075
1447.3684210526312,-1.0E-4,0.8076
1530.5263157894733,-2.0E-5,0.813
1613.6842105263154,-1.0E-5,0.8012
1696.8421052631575,5.0E-5,0.8062
1779.9999999999995,-7.0E-5,0.7996
200.0,-6.4E-4,0.8299
283.1578947368421,-1.4E-4,0.8236
366.31578947368416,-1.9E-4,0.8165
449.47368421052624,-5.0E-5,0.8167
532.6315789473683,-6.0E-5,0.8168
615.7894736842104,-1.5E-4,0.8104
698.9473684210525,-7.0E-5,0.8073
782.1052631578946,-9.0E-5,0.8079
865.2631578947367,-5.0E-5,0.7986
948.4210526315787,-7.0E-5,0.8094
1031.5789473684208,-1.4E-4,0.8119
1114.736842105263,1.9E-4,0.8016
1197.894736842105,-1.3E-4,0.8026
1281.052631578947,2.0E-5,0.8046
1364.2105263157891,-1.2E-4,0.8038
1447.3684210526312,7.0E-5,0.8061
1530.5263157894733,-1.4E-4,0.7968
1613.6842105263154,-3.0E-5,0.7946
1696.8421052631575,-6.0E-5,0.8042
1779.9999999999995,7.0E-5,0.8009
200.0,-4.6E-4,0.8432
283.1578947368421,-8.0E-5,0.8191
366.31578947368416,-1.9E-4,0.8146
449.47368421052624,3.0E-5,0.806
532.6315789473683,1.1E-4,0.8115
615.7894736842104,8.0E-5,0.8045
698.9473684210525,6.0E-5,0.8066
782.1052631578946,2.0E-5,0.8168
865.2631578947367,-1.4E-4,0.8015
948.4210526315787,-1.0E-4,0.8129
1031.5789473684208,-1.6E-4,0.8041
1114.736842105263,-3.0E-5,0.8025
1197.894736842105,8.0E-5,0.8067
1281.052631578947,-1.0E-5,0.8076
1364.2105263157891,-4.0E-5,0.8095
1447.3684210526312,6.0E-5,0.8082
1530.5263157894733,4.0E-5,0.8048
1613.6842105263154,2.0E-5,0.8092
1696.8421052631575,-1.5E-4,0.7954
1779.9999999999995,0.0,0.8022
200.0,-4.3E-4,0.8415
283.1578947368421,-3.2E-4,0.8232
366.31578947368416,2.0E-5,0.8103
449.47368421052624,-8.0E-5,0.8135
532.6315789473683,2.0E-4,0.8092
615.7894736842104,-2.0E-5,0.8039
698.9473684210525,5.0E-5,0.8011
782.1052631578946,-1.6E-4,0.8084
865.2631578947367,4.0E-5,0.8078
948.4210526315787,-1.0E-4,0.8086
1031.5789473684208,-8.0E-5,0.8055
1114.736842105263,2.0E-4,0.8084
1197.894736842105,5.0E-5,0.8011
1281.052631578947,2.0E-5,0.8045
1364.2105263157891,-1.0E-4,0.8046
1447.3684210526312,8.0E-5,0.8095
1530.5263157894733,-8.0E-5,0.8052
1613.6842105263154,1.7E-4,0.8092
1696.8421052631575,-1.1E-4,0.8006
1779.9999999999995,-9.0E-5,0.8037
200.0,-5.8E-4,0.8369
283.1578947368421,-1.9E-4,0.8179
366.31578947368416,-2.5E-4,0.8212
449.47368421052624,-3.0E-5,0.8198
532.6315789473683,7.0E-5,0.818
615.7894736842104,-7.0E-5,0.8037
698.9473684210525,-6.0E-5,0.8157
782.1052631578946,-1.4E-4,0.8067
865.2631578947367,-1.1E-4,0.8115
948.4210526315787,4.0E-5,0.8117
1031.5789473684208,-8.0E-5,0.8142
1114.736842105263,-3.0E-5,0.81
1197.894736842105,-5.0E-5,0.8145
1281.052631578947,1.6E-4,0.8117
1364.2105263157891,-1.0E-4,0.8016
1447.3684210526312,-1.0E-4,0.8074
1530.5263157894733,1.1E-4,0.7949
1613.6842105263154,1.3E-4,0.805
1696.8421052631575,9.0E-5,0.8042
1779.9999999999995,-1.0E-5,0.805
200.0,-6.0E-4,0.8368
283.1578947368421,-1.4E-4,0.8211
366.31578947368416,-1.5E-4,0.8192
449.47368421052624,-1.4E-4,0.8245
532.6315789473683,-1.0E-4,0.8126
615.7894736842104,-7.0E-5,0.8067
698.9473684210525,-1.1E-4,0.8105
782.1052631578946,-1.3E-4,0.8121
865.2631578947367,-6.0E-5,0.8023
948.4210526315787,-1.6E-4,0.8049
1031.5789473684208,1.2E-4,0.808
1114.736842105263,1.2E-4,0.8057
1197.894736842105,-3.0E-5,0.8067
1281.052631578947,1.0E-4,0.8051
1364.2105263157891,2.0E-4,0.8053
1447.3684210526312,6.0E-5,0.8095
1530.5263157894733,1.0E-5,0.8083
1613.6842105263154,-1.0E-4,0.8007
1696.8421052631575,2.0E-4,0.8033
1779.9999999999995,-8.0E-5,0.8053
200.0,-4.3E-4,0.8359
283.1578947368421,-1.5E-4,0.8274
366.31578947368416,-9.0E-5,0.8175
449.47368421052624,-7.0E-5,0.8108
532.6315789473683,-1.5E-4,0.8139
615.7894736842104,-9.0E-5,0.8146
698.9473684210525,-5.0E-5,0.8067
782.1052631578946,-7.0E-5,0.8148
865.2631578947367,-9.0E-5,0.8053
948.4210526315787,-5.0E-5,0.8097
1031.5789473684208,1.0E-5,0.8098
1114.736842105263,-2.0E-5,0.8057
1197.894736842105,-8.0E-5,0.804
1281.052631578947,3.0E-5,0.8066
1364.2105263157891,-2.0E-5,0.8001
1447.3684210526312,4.0E-5,0.8068
1530.5263157894733,-8.0E-5,0.806
1613.6842105263154,-9.0E-5,0.8032
1696.8421052631575,1.7E-4,0.8089
1779.9999999999995,-1.5E-4,0.8056
200.0,-3.1E-4,0.8378
283.1578947368421,-3.0E-4,0.8233
366.31578947368416,-2.1E-4,0.8268
449.47368421052624,9.0E-5,0.8104
532.6315789473683,-6.0E-5,0.816
615.7894736842104,1.4E-4,0.8103
698.9473684210525,4.0E-5,0.8076
782.1052631578946,-1.3E-4,0.8041
865.2631578947367,6.0E-5,0.8115
948.4210526315787,-9.0E-5,0.8123
1031.5789473684208,2.0E-5,0.8085
1114.736842105263,-1.0E-4,0.8092
1197.894736842105,-6.0E-5,0.8022
1281.052631578947,1.8E-4,0.8036
1364.2105263157891,-3.0E-5,0.8006
1447.3684210526312,9.0E-5,0.8098
1530.5263157894733,8.0E-5,0.8041
1613.6842105263154,-6.0E-5,0.8054
1696.8421052631575,8.0E-5,0.807
1779.9999999999995,-5.0E-5,0.803
200.0,-6.4E-4,0.8359
283.1578947368421,-2.0E-4,0.8234
366.31578947368416,4.0E-5,0.8145
449.47368421052624,-2.0E-5,0.816
532.6315789473683,-3.0E-5,0.8155
615.7894736842104,-1.6E-4,0.8141
698.9473684210525,9.0E-5,0.809
782.1052631578946,-1.6E-4,0.804
865.2631578947367,-7.0E-5,0.806
948.4210526315787,1.0E-5,0.804
1031.5789473684208,1.4E-4,0.8123
1114.736842105263,2.0E-5,0.8143
1197.894736842105,-1.0E-5,0.8006
1281.052631578947,1.4E-4,0.8077
1364.2105263157891,-1.0E-4,0.8042
1447.3684210526312,1.1E-4,0.8011
1530.5263157894733,4.0E-5,0.8054
1613.6842105263154,-8.0E-5,0.805
1696.8421052631575,1.9E-4,0.8037
1779.9999999999995,7.0E-5,0.8036
200.0,-3.4E-4,0.8351
283.1578947368421,-1.7E-4,0.828
366.31578947368416,-3.1E-4,0.8165
449.47368421052624,-8.0E-5,0.8141
532.6315789473683,9.0E-5,0.818
615.7894736842104,-3.0E-5,0.8194
698.9473684210525,-1.2E-4,0.8134
782.1052631578946,5.0E-5,0.8022
865.2631578947367,-1.4E-4,0.8022
948.4210526315787,-1.5E-4,0.7966
1031.5789473684208,7.0E-5,0.797
1114.736842105263,0.0,0.8118
1197.894736842105,-6.0E-5,0.8071
1281.052631578947,-3.0E-5,0.8042
1364.2105263157891,-5.0E-5,0.806
1447.3684210526312,-3.0E-5,0.8051
1530.5263157894733,-1.5E-4,0.8044
1613.6842105263154,-2.0E-5,0.8072
1696.8421052631575,3.0E-5,0.8034
1779.9999999999995,2.0E-4,0.8026
200.0,-5.3E-4,0.8418
283.1578947368421,-1.2E-4,0.8241
366.31578947368416,-1.7E-4,0.8238
449.47368421052624,-1.1E-4,0.8138
532.6315789473683,-7.0E-5,0.8176
615.7894736842104,1.0E-4,0.8139
698.9473684210525,-3.0E-5,0.812
782.1052631578946,1.2E-4,0.8048
865.2631578947367,-1.0E-5,0.8122
948.4210526315787,-9.0E-5,0.8125
1031.5789473684208,-1.2E-4,0.8034
1114.736842105263,2.2E-4,0.8157
1197.894736842105,2.0E-5,0.8043
1281.052631578947,-9.0E-5,0.8115
1364.2105263157891,0.0,0.8029
1447.3684210526312,5.0E-5,0.8019
1530.5263157894733,-1.9E-4,0.8091
1613.6842105263154,2.1E-4,0.8055
1696.8421052631575,1.1E-4,0.7957
1779.9999999999995,1.0E-5,0.7987
200.0,-6.1E-4,0.8312
283.1578947368421,-2.6E-4,0.8225
366.31578947368416,-1.6E-4,0.8114
449.47368421052624,9.0E-5,0.8123
532.6315789473683,-1.0E-5,0.8115
615.7894736842104,-9.0E-5,0.8123
698.9473684210525,-3.2E-4,0.8058
782.1052631578946,-2.7E-4,0.8114
865.2631578947367,3.0E-5,0.808
948.4210526315787,2.5E-4,0.7989
1031.5789473684208,-4.0E-5,0.8088
1114.736842105263,6.0E-5,0.806
1197.894736842105,-3.2E-4,0.7976
1281.052631578947,5.0E-5,0.8032
1364.2105263157891,0.0,0.8022
1447.3684210526312,-1.3E-4,0.8029
1530.5263157894733,-1.3E-4,0.8001
1613.6842105263154,2.0E-5,0.8026
1696.8421052631575,-8.0E-5,0.7994
1779.9999999999995,6.0E-5,0.8042
200.0,-3.4E-4,0.8348
283.1578947368421,-1.9E-4,0.823
366.31578947368416,-1.5E-4,0.813
449.47368421052624,-4.0E-5,0.8118
532.6315789473683,5.0E-5,0.8072
615.7894736842104,3.0E-5,0.8117
698.9473684210525,-3.1E-4,0.8109
782.1052631578946,-5.0E-5,0.809
865.2631578947367,-2.6E-4,0.8181
948.4210526315787,-1.3E-4,0.8134
1031.5789473684208,5.0E-5,0.8082
1114.736842105263,-2.0E-5,0.8012
1197.894736842105,-7.0E-5,0.8048
1281.052631578947,6.0E-5,0.7996
1364.2105263157891,-2.7E-4,0.8027
1447.3684210526312,1.7E-4,0.8054
1530.5263157894733,-1.0E-4,0.804
1613.6842105263154,2.2E-4,0.8031
1696.8421052631575,4.0E-5,0.8016
1779.9999999999995,-4.0E-5,0.8032
200.0,-3.9E-4,0.8364
283.1578947368421,-1.4E-4,0.8208
366.31578947368416,-1.7E-4,0.8181
449.47368421052624,-6.0E-5,0.8149
532.6315789473683,2.0E-5,0.8114
615.7894736842104,0.0,0.8138
698.9473684210525,2.0E-5,0.8081
782.1052631578946,6.0E-5,0.8064
865.2631578947367,-4.0E-5,0.8098
948.4210526315787,-5.0E-5,0.8135
1031.5789473684208,2.0E-5,0.8079
1114.736842105263,1.1E-4,0.8079
1197.894736842105,1.1E-4,0.806
1281.052631578947,7.0E-5,0.8052
1364.2105263157891,6.0E-5,0.8036
1447.3684210526312,9.0E-5,0.8031
1530.5263157894733,3.0E-5,0.8068
1613.6842105263154,-1.1E-4,0.8004
1696.8421052631575,-1.0E-4,0.8104
1779.9999999999995,-1.3E-4,0.8092
200.0,-4.9E-4,0.8396
283.1578947368421,-1.6E-4,0.8211
366.31578947368416,-6.0E-5,0.8235
449.47368421052624,-3.4E-4,0.8165
532.6315789473683,-1.9E-4,0.8087
615.7894736842104,-1.5E-4,0.8087
698.9473684210525,1.1E-4,0.8074
782.1052631578946,8.0E-5,0.8109
865.2631578947367,-1.9E-4,0.805
948.4210526315787,-2.4E-4,0.8099
1031.5789473684208,-9.0E-5,0.8056
1114.736842105263,6.0E-5,0.8039
1197.894736842105,-1.3E-4,0.8056
1281.052631578947,7.0E-5,0.8003
1364.2105263157891,-1.4E-4,0.805
1447.3684210526312,-1.8E-4,0.8026
1530.5263157894733,0.0,0.8036
1613.6842105263154,-4.0E-5,0.8098
1696.8421052631575,-1.0E-5,0.8052
1779.9999999999995,-1.5E-4,0.8113
200.0,-3.8E-4,0.8404
283.1578947368421,-1.4E-4,0.8242
366.31578947368416,-1.3E-4,0.8212
449.47368421052624,-1.5E-4,0.8208
532.6315789473683,-1.7E-4,0.8083
615.7894736842104,6.0E-5,0.811
698.9473684210525,-1.0E-5,0.8095
782.1052631578946,2.0E-5,0.8067
865.2631578947367,-7.0E-5,0.8012
948.4210526315787,-5.0E-5,0.8086
1031.5789473684208,1.0E-4,0.8039
1114.736842105263,-1.6E-4,0.7979
1197.894736842105,4.0E-5,0.8102
1281.052631578947,1.0E-4,0.8061
1364.2105263157891,-7.0E-5,0.8093
1447.3684210526312,-1.7E-4,0.8018
1530.5263157894733,-1.1E-4,0.8096
1613.6842105263154,-1.0E-5,0.807
1696.8421052631575,7.0E-5,0.8058
1779.9999999999995,0.0,0.8029
200.0,-5.1E-4,0.8393
283.1578947368421,-2.4E-4,0.8238
366.31578947368416,-2.0E-4,0.8204
449.47368421052624,-1.2E-4,0.8133
532.6315789473683,-6.0E-5,0.8165
615.7894736842104,-9.0E-5,0.8136
698.9473684210525,-2.0E-5,0.8129
782.1052631578946,-1.3E-4,0.8122
865.2631578947367,9.0E-5,0.8037
948.4210526315787,-8.0E-5,0.803
1031.5789473684208,8.0E-5,0.8082
1114.736842105263,8.0E-5,0.8093
1197.894736842105,7.0E-5,0.8018
1281.052631578947,-1.0E-4,0.8109
1364.2105263157891,0.0,0.806
1447.3684210526312,1.5E-4,0.8087
1530.5263157894733,1.7E-4,0.8063
1613.6842105263154,-2.1E-4,0.8054
1696.8421052631575,1.6E-4,0.7983
1779.9999999999995,-2.5E-4,0.8057
200.0,-6.0E-4,0.8331
283.1578947368421,-4.4E-4,0.8219
366.31578947368416,-8.0E-5,0.8121
449.47368421052624,9.0E-5,0.8143
532.6315789473683,-1.7E-4,0.8154
615.7894736842104,3.0E-5,0.8116
698.9473684210525,-3.1E-4,0.8114
782.1052631578946,-2.0E-5,0.8131
865.2631578947367,-5.0E-5,0.8016
948.4210526315787,-2.0E-5,0.805
1031.5789473684208,-4.0E-5,0.8113
1114.736842105263,-3.0E-5,0.8057
1197.894736842105,-2.0E-5,0.8079
1281.052631578947,-1.9E-4,0.811
1364.2105263157891,-1.6E-4,0.8097
1447.3684210526312,-1.8E-4,0.8019
1530.5263157894733,-1.0E-5,0.7994
1613.6842105263154,3.0E-5,0.806
1696.8421052631575,-5.0E-5,0.803
1779.9999999999995,1.8E-4,0.8071
200.0,-3.8E-4,0.8336
283.1578947368421,-2.8E-4,0.8257
366.31578947368416,-2.0E-5,0.8147
449.47368421052624,-4.0E-5,0.8128
532.6315789473683,-2.0E-4,0.819
615.7894736842104,8.0E-5,0.8106
698.9473684210525,-2.0E-5,0.8051
782.1052631578946,7.0E-5,0.8072
865.2631578947367,0.0,0.8091
948.4210526315787,-8.0E-5,0.8033
1031.5789473684208,0.0,0.8004
1114.736842105263,5.0E-5,0.8075
1197.894736842105,2.1E-4,0.811
1281.052631578947,0.0,0.8029
1364.2105263157891,0.0,0.8014
1447.3684210526312,1.0E-4,0.8022
1530.5263157894733,-1.4E-4,0.8077
1613.6842105263154,1.0E-5,0.8069
1696.8421052631575,0.0,0.8019
1779.9999999999995,-9.0E-5,0.8063
200.0,-5.2E-4,0.8322
283.1578947368421,-1.9E-4,0.825
366.31578947368416,-2.1E-4,0.8163
449.47368421052624,-1.6E-4,0.8186
532.6315789473683,-1.1E-4,0.8168
615.7894736842104,1.0E-4,0.8143
698.9473684210525,-6.0E-5,0.8134
782.1052631578946,-2.5E-4,0.8087
865.2631578947367,-2.2E-4,0.8067
948.4210526315787,2.0E-5,0.8102
1031.5789473684208,9.0E-5,0.8087
1114.736842105263,-4.0E-5,0.806
1197.894736842105,7.0E-5,0.8047
1281.052631578947,3.7E-4,0.8047
1364.2105263157891,-1.1E-4,0.7984
1447.3684210526312,-1.1E-4,0.8045
1530.5263157894733,-9.0E-5,0.8005
1613.6842105263154,8.0E-5,0.808
1696.8421052631575,-1.0E-4,0.8031
1779.9999999999995,4.0E-5,0.8024
200.0,-3.7E-4,0.8377
283.1578947368421,-2.8E-4,0.8226
366.31578947368416,1.0E-5,0.8175
449.47368421052624,-4.0E-5,0.8133
532.6315789473683,0.0,0.8161
615.7894736842104,1.4E-4,0.8072
698.9473684210525,1.9E-4,0.8099
782.1052631578946,7.0E-5,0.8013
865.2631578947367,-1.3E-4,0.8127
948.4210526315787,-1.3E-4,0.8091
1031.5789473684208,-2.0E-5,0.8089
1114.736842105263,3.0E-5,0.8037
1197.894736842105,-1.7E-4,0.8101
1281.052631578947,2.0E-5,0.8024
1364.2105263157891,2.0E-5,0.806
1447.3684210526312,7.0E-5,0.8059
1530.5263157894733,-2.0E-4,0.8014
1613.6842105263154,8.0E-5,0.802
1696.8421052631575,-2.0E-5,0.805
1779.9999999999995,1.2E-4,0.8045
200.0,-3.6E-4,0.8397
283.1578947368421,-1.7E-4,0.819
366.31578947368416,-1.0E-4,0.8263
449.47368421052624,-1.0E-5,0.8141
532.6315789473683,-1.2E-4,0.8129
615.7894736842104,8.0E-5,0.8182
698.9473684210525,1.2E-4,0.8102
782.1052631578946,-6.0E-5,0.8068
865.2631578947367,1.0E-5,0.8129
948.4210526315787,8.0E-5,0.8088
1031.5789473684208,3.0E-5,0.8055
1114.736842105263,1.3E-4,0.8031
1197.894736842105,-5.0E-5,0.8029
1281.052631578947,-1.5E-4,0.7983
1364.2105263157891,2.0E-5,0.803
1447.3684210526312,3.0E-5,0.8033
1530.5263157894733,-3.0E-5,0.8003
1613.6842105263154,1.3E-4,0.8094
1696.8421052631575,1.0E-4,0.8037
1779.9999999999995,-2.4E-4,0.8038
200.0,-4.7E-4,0.8318
283.1578947368421,-1.5E-4,0.8277
366.31578947368416,-7.0E-5,0.8233
449.47368421052624,-8.0E-5,0.8162
532.6315789473683,-1.7E-4,0.8122
615.7894736842104,-3.0E-5,0.8149
698.9473684210525,1.0E-5,0.8077
782.1052631578946,0.0,0.8096
865.2631578947367,-2.0E-5,0.8074
948.4210526315787,9.0E-5,0.8032
1031.5789473684208,-8.0E-5,0.817
1114.736842105263,1.1E-4,0.806
1197.894736842105,2.0E-5,0.8044
1281.052631578947,-1.3E-4,0.8052
1364.2105263157891,-1.0E-4,0.8106
1447.3684210526312,1.4E-4,0.8029
1530.5263157894733,1.0E-4,0.8035
1613.6842105263154,1.5E-4,0.8025
1696.8421052631575,7.0E-5,0.8013
1779.9999999999995,-9.0E-5,0.8102
200.0,-5.1E-4,0.8386
283.1578947368421,0.0,0.8253
366.31578947368416,7.0E-5,0.8165
449.47368421052624,-5.0E-5,0.812
532.6315789473683,-5.0E-5,0.8093
615.7894736842104,3.0E-5,0.8022
698.9473684210525,-1.0E-5,0.8097
782.1052631578946,7.0E-5,0.8117
865.2631578947367,0.0,0.8071
948.4210526315787,-1.0E-5,0.8077
1031.5789473684208,-2.6E-4,0.8114
1114.736842105263,-4.0E-5,0.8053
1197.894736842105,3.0E-5,0.806
1281.052631578947,-5.0E-5,0.8065
1364.2105263157891,-8.0E-5,0.8063
1447.3684210526312,-1.1E-4,0.8133
1530.5263157894733,-2.1E-4,0.8012
1613.6842105263154,3.0E-5,0.8049
1696.8421052631575,7.0E-5,0.8057
1779.9999999999995,-2.0E-5,0.8072
200.0,-3.9E-4,0.8379
283.1578947368421,0.0,0.8207
366.31578947368416,1.0E-5,0.8183
449.47368421052624,-1.8E-4,0.8165
532.6315789473683,-1.0E-5,0.8116
615.7894736842104,-4.0E-5,0.8152
698.9473684210525,1.0E-4,0.8088
782.1052631578946,2.7E-4,0.8048
865.2631578947367,6.0E-5,0.8081
948.4210526315787,1.2E-4,0.8088
1031.5789473684208,-7.0E-5,0.8076
1114.736842105263,9.0E-5,0.7977
1197.894736842105,6.0E-5,0.8038
1281.052631578947,-5.0E-5,0.8058
1364.2105263157891,8.0E-5,0.8019
1447.3684210526312,-1.6E-4,0.812
1530.5263157894733,7.0E-5,0.8052
1613.6842105263154,-2.0E-5,0.801
1696.8421052631575,9.0E-5,0.8033
1779.9999999999995,0.0,0.8046
200.0,-3.9E-4,0.8378
283.1578947368421,-1.2E-4,0.8265
366.31578947368416,-8.0E-5,0.8155
449.47368421052624,-9.0E-5,0.8147
532.6315789473683,1.1E-4,0.8097
615.7894736842104,-1.8E-4,0.8198
698.9473684210525,1.0E-5,0.8083
782.1052631578946,8.0E-5,0.8057
865.2631578947367,-2.1E-4,0.8061
948.4210526315787,1.6E-4,0.801
1031.5789473684208,-5.0E-5,0.8028
1114.736842105263,2.0E-5,0.8033
1197.894736842105,4.0E-5,0.8049
1281.052631578947,-4.0E-5,0.8057
1364.2105263157891,-1.0E-4,0.8009
1447.3684210526312,5.0E-5,0.8009
1530.5263157894733,2.0E-5,0.8051
1613.6842105263154,2.0E-5,0.81
1696.8421052631575,-3.0E-5,0.796
1779.9999999999995,-1.9E-4,0.7972
200.0,-7.0E-4,0.8374
283.1578947368421,-1.4E-4,0.8251
366.31578947368416,2.0E-5,0.8193
449.47368421052624,-1.8E-4,0.8147
532.6315789473683,-1.6E-4,0.8149
615.7894736842104,-5.0E-5,0.8081
698.9473684210525,1.0E-5,0.8049
782.1052631578946,-4.0E-5,0.8105
865.2631578947367,-1.0E-5,0.8014
948.4210526315787,-1.4E-4,0.8156
1031.5789473684208,-6.0E-5,0.8034
1114.736842105263,-6.0E-5,0.8036
1197.894736842105,-3.0E-5,0.8051
1281.052631578947,-1.1E-4,0.8107
1364.2105263157891,-1.0E-4,0.7997
1447.3684210526312,-3.0E-5,0.8031
1530.5263157894733,5.0E-5,0.8
1613.6842105263154,1.8E-4,0.8006
1696.8421052631575,-6.0E-5,0.798
1779.9999999999995,0.0,0.8057
200.0,-4.9E-4,0.838
283.1578947368421,-1.2E-4,0.8286
366.31578947368416,1.4E-4,0.8182
449.47368421052624,1.4E-4,0.8182
532.6315789473683,1.4E-4,0.8164
615.7894736842104,4.0E-5,0.8159
698.9473684210525,-1.9E-4,0.8021
782.1052631578946,2.3E-4,0.808
865.2631578947367,-3.0E-5,0.8033
948.4210526315787,-2.0E-5,0.8015
1031.5789473684208,-1.0E-5,0.8028
1114.736842105263,1.3E-4,0.7984
1197.894736842105,1.2E-4,0.8054
1281.052631578947,1.7E-4,0.8079
1364.2105263157891,9.0E-5,0.8033
1447.3684210526312,-2.0E-5,0.801
1530.5263157894733,-6.0E-5,0.8026
1613.6842105263154,1.0E-5,0.8066
1696.8421052631575,1.7E-4,0.8004
1779.9999999999995,-3.0E-5,0.8012
200.0,-5.5E-4,0.838
283.1578947368421,-1.5E-4,0.8212
366.31578947368416,-7.0E-5,0.8211
449.47368421052624,0.0,0.8176
532.6315789473683,-2.1E-4,0.814
615.7894736842104,-2.0E-5,0.8073
698.9473684210525,0.0,0.8069
782.1052631578946,-2.1E-4,0.812
865.2631578947367,2.3E-4,0.8086
948.4210526315787,-2.5E-4,0.8058
1031.5789473684208,1.1E-4,0.8106
1114.736842105263,-6.0E-5,0.809
1197.894736842105,-1.4E-4,0.8035
1281.052631578947,1.3E-4,0.8043
1364.2105263157891,3.0E-5,0.8044
1447.3684210526312,0.0,0.802
1530.5263157894733,-1.0E-5,0.8011
1613.6842105263154,7.0E-5,0.7991
1696.8421052631575,2.0E-5,0.8085
1779.9999999999995,-2.0E-5,0.8049
200.0,-4.9E-4,0.8374
283.1578947368421,-1.6E-4,0.8304
366.31578947368416,-5.0E-5,0.8169
449.47368421052624,-2.0E-5,0.8211
532.6315789473683,-1.0E-5,0.8089
615.7894736842104,-2.5E-4,0.8053
698.9473684210525,-1.3E-4,0.8101
782.1052631578946,-1.4E-4,0.8111
865.2631578947367,5.0E-5,0.8046
948.4210526315787,1.7E-4,0.8035
1031.5789473684208,3.0E-5,0.8052
1114.736842105263,6.0E-5,0.8095
1197.894736842105,-1.1E-4,0.8068
1281.052631578947,1.5E-4,0.8063
1364.2105263157891,1.2E-4,0.8096
1447.3684210526312,-1.5E-4,0.8003
1530.5263157894733,6.0E-5,0.8038
1613.6842105263154,-1.6E-4,0.8107
1696.8421052631575,1.0E-5,0.7927
1779.9999999999995,2.5E-4,0.8041
200.0,-4.5E-4,0.839
283.1578947368421,-1.5E-4,0.8245
366.31578947368416,-3.0E-5,0.8118
449.47368421052624,-2.1E-4,0.8124
532.6315789473683,8.0E-5,0.8133
615.7894736842104,-1.0E-5,0.8121
698.9473684210525,-1.1E-4,0.8058
782.1052631578946,5.0E-5,0.8087
865.2631578947367,1.0E-5,0.8082
948.4210526315787,1.6E-4,0.8021
1031.5789473684208,-2.8E-4,0.8063
1114.736842105263,-5.0E-5,0.8044
1197.894736842105,2.1E-4,0.804
1281.052631578947,-1.1E-4,0.8073
1364.2105263157891,5.0E-5,0.8068
1447.3684210526312,-1.2E-4,0.8067
1530.5263157894733,2.0E-5,0.8021
1613.6842105263154,1.7E-4,0.8029
1696.8421052631575,-3.0E-5,0.8022
1779.9999999999995,1.9E-4,0.8032
200.0,-3.1E-4,0.8328
283.1578947368421,-1.1E-4,0.8193
366.31578947368416,-1.0E-4,0.8193
449.47368421052624,-2.2E-4,0.8119
532.6315789473683,-9.0E-5,0.8082
615.7894736842104,-1.0E-5,0.8122
698.9473684210525,0.0,0.8168
782.1052631578946,-1.7E-4,0.8107
865.2631578947367,-5.0E-5,0.8088
948.4210526315787,1.0E-5,0.8109
1031.5789473684208,-4.0E-5,0.8073
1114.736842105263,-8.0E-5,0.8124
1197.894736842105,-1.2E-4,0.8089
1281.052631578947,0.0,0.8104
1364.2105263157891,1.3E-4,0.8045
1447.3684210526312,0.0,0.806
1530.5263157894733,1.5E-4,0.8092
1613.6842105263154,7.0E-5,0.7969
1696.8421052631575,2.6E-4,0.8029
1779.9999999999995,3.0E-5,0.8033
200.0,-3.8E-4,0.8336
283.1578947368421,-3.0E-4,0.8219
366.31578947368416,-8.0E-5,0.8197
449.47368421052624,-3.0E-5,0.8203
532.6315789473683,-6.0E-5,0.8077
615.7894736842104,-5.0E-5,0.8119
698.9473684210525,-9.0E-5,0.812
782.1052631578946,1.2E-4,0.8032
865.2631578947367,-1.0E-4,0.8146
948.4210526315787,0.0,0.8083
1031.5789473684208,-1.0E-5,0.8042
1114.736842105263,2.0E-5,0.8062
1197.894736842105,1.2E-4,0.8054
1281.052631578947,1.0E-5,0.7994
1364.2105263157891,2.5E-4,0.7979
1447.3684210526312,6.0E-5,0.8122
1530.5263157894733,-1.4E-4,0.8003
1613.6842105263154,1.0E-5,0.8061
1696.8421052631575,-4.0E-5,0.8003
1779.9999999999995,-1.5E-4,0.8047
200.0,-4.5E-4,0.834
283.1578947368421,-4.0E-5,0.8267
366.31578947368416,-2.0E-4,0.8186
449.47368421052624,0.0,0.817
532.6315789473683,-1.6E-4,0.8081
615.7894736842104,1.8E-4,0.8131
698.9473684210525,9.0E-5,0.808
782.1052631578946,1.1E-4,0.8061
865.2631578947367,-1.3E-4,0.8082
948.4210526315787,1.0E-4,0.8085
1031.5789473684208,-2.4E-4,0.8065
1114.736842105263,2.7E-4,0.802
1197.894736842105,-5.0E-5,0.8091
1281.052631578947,2.2E-4,0.8056
1364.2105263157891,1.3E-4,0.8078
1447.3684210526312,-8.0E-5,0.8016
1530.5263157894733,-1.3E-4,0.8051
1613.6842105263154,-9.0E-5,0.8065
1696.8421052631575,4.0E-5,0.8054
1779.9999999999995,6.0E-5,0.8073
200.0,-4.6E-4,0.838
283.1578947368421,-2.6E-4,0.8222
366.31578947368416,-3.0E-5,0.8208
449.47368421052624,0.0,0.8145
532.6315789473683,7.0E-5,0.8141
615.7894736842104,1.0E-5,0.8163
698.9473684210525,-1.2E-4,0.8078
782.1052631578946,2.0E-4,0.8131
865.2631578947367,1.3E-4,0.8106
948.4210526315787,-2.4E-4,0.8046
1031.5789473684208,-1.0E-4,0.807
1114.736842105263,-1.0E-4,0.8082
1197.894736842105,6.0E-5,0.805
1281.052631578947,-1.4E-4,0.8081
1364.2105263157891,9.0E-5,0.8062
1447.3684210526312,1.0E-5,0.7969
1530.5263157894733,-5.0E-5,0.812
1613.6842105263154,-7.0E-5,0.8032
1696.8421052631575,-2.1E-4,0.8073
1779.9999999999995,-1.2E-4,0.8042
200.0,-3.7E-4,0.8298
283.1578947368421,-1.6E-4,0.8152
366.31578947368416,-7.0E-5,0.8187
449.47368421052624,-1.8E-4,0.8154
532.6315789473683,-1.5E-4,0.8081
615.7894736842104,5.0E-5,0.8126
698.9473684210525,9.0E-5,0.8073
782.1052631578946,-3.0E-5,0.8079
865.2631578947367,-9.0E-5,0.8041
948.4210526315787,-1.9E-4,0.8093
1031.5789473684208,1.4E-4,0.8063
1114.736842105263,-1.0E-5,0.8001
1197.894736842105,9.0E-5,0.8027
1281.052631578947,-1.0E-4,0.8009
1364.2105263157891,1.2E-4,0.802
1447.3684210526312,1.1E-4,0.8081
1530.5263157894733,-3.0E-5,0.8078
1613.6842105263154,-1.2E-4,0.8078
1696.8421052631575,4.0E-5,0.8078
1779.9999999999995,1.0E-4,0.804
200.0,-5.6E-4,0.8376
283.1578947368421,-4.0E-5,0.8194
366.31578947368416,7.0E-5,0.8175
449.47368421052624,-1.0E-4,0.8172
532.6315789473683,-5.0E-5,0.811
615.7894736842104,-8.0E-5,0.8128
698.9473684210525,-1.0E-5,0.8082
782.1052631578946,-6.0E-5,0.8047
865.2631578947367,5.0E-5,0.8026
948.4210526315787,-1.7E-4,0.8043
1031.5789473684208,-6.0E-5,0.8039
1114.736842105263,-9.0E-5,0.8067
1197.894736842105,2.4E-4,0.8023
1281.052631578947,-1.3E-4,0.8024
1364.2105263157891,1.1E-4,0.8027
1447.3684210526312,-6.0E-5,0.8028
1530.5263157894733,-6.0E-5,0.8023
1613.6842105263154,4.0E-5,0.8069
1696.8421052631575,-2.0E-5,0.8018
1779.9999999999995,1.0E-4,0.8026
200.0,-5.1E-4,0.8383
283.1578947368421,-2.8E-4,0.8212
366.31578947368416,9.0E-5,0.818
449.47368421052624,-4.0E-5,0.8086
532.6315789473683,-9.0E-5,0.811
615.7894736842104,5.0E-5,0.8068
698.9473684210525,-9.0E-5,0.8152
782.1052631578946,3.0E-4,0.8019
865.2631578947367,-4.0E-5,0.807
948.4210526315787,4.0E-5,0.8018
1031.5789473684208,-4.0E-5,0.8019
1114.736842105263,-1.2E-4,0.8031
1197.894736842105,-5.0E-5,0.8044
1281.052631578947,-4.0E-5,0.8044
1364.2105263157891,1.1E-4,0.8028
1447.3684210526312,-9.0E-5,0.8057
1530.5263157894733,0.0,0.8059
1613.6842105263154,-1.0E-5,0.8099
1696.8421052631575,-2.0E-5,0.803
1779.9999999999995,-7.0E-5,0.8022
200.0,-3.6E-4,0.8466
283.1578947368421,-2.0E-4,0.8263
366.31578947368416,-1.0E-5,0.8132
449.47368421052624,-1.0E-5,0.8107
532.6315789473683,7.0E-5,0.8107
615.7894736842104,-1.0E-4,0.8114
698.9473684210525,3.0E-5,0.8015
782.1052631578946,8.0E-5,0.8032
865.2631578947367,1.2E-4,0.8031
948.4210526315787,-3.0E-5,0.8062
1031.5789473684208,-7.0E-5,0.8108
1114.736842105263,-2.4E-4,0.8128
1197.894736842105,-4.0E-5,0.8103
1281.052631578947,1.9E-4,0.8051
1364.2105263157891,-6.0E-5,0.808
1447.3684210526312,-6.0E-5,0.809
1530.5263157894733,3.0E-4,0.8019
1613.6842105263154,-1.4E-4,0.8039
1696.8421052631575,-2.0E-5,0.8
1779.9999999999995,-2.0E-5,0.8043
200.0,-5.2E-4,0.8343
283.1578947368421,-3.4E-4,0.8237
366.31578947368416,-1.3E-4,0.8183
449.47368421052624,4.0E-5,0.8207
532.6315789473683,-3.0E-5,0.8085
615.7894736842104,-9.0E-5,0.8181
698.9473684210525,-3.0E-5,0.8101
782.1052631578946,-1.3E-4,0.8089
865.2631578947367,-9.0E-5,0.8114
948.4210526315787,6.0E-5,0.8108
1031.5789473684208,-1.1E-4,0.8063
1114.736842105263,0.0,0.8103
1197.894736842105,0.0,0.8034
1281.052631578947,-2.2E-4,0.7975
1364.2105263157891,7.0E-5,0.8014
1447.3684210526312,-4.0E-5,0.8069
1530.5263157894733,-6.0E-5,0.8045
1613.6842105263154,6.0E-5,0.8033
1696.8421052631575,-1.5E-4,0.7996
1779.9999999999995,-1.1E-4,0.809
200.0,-4.9E-4,0.8285
283.1578947368421,-3.0E-4,0.8266
366.31578947368416,1.0E-5,0.831
449.47368421052624,-1.8E-4,0.8149
532.6315789473683,-9.0E-5,0.8105
615.7894736842104,-1.6E-4,0.814
698.9473684210525,-6.0E-5,0.8114
782.1052631578946,-2.0E-5,0.8074
865.2631578947367,2.7E-4,0.8096
948.4210526315787,5.0E-5,0.8086
1031.5789473684208,1.6E-4,0.809
1114.736842105263,-2.0E-5,0.8004
1197.894736842105,-4.0E-5,0.8147
1281.052631578947,-1.0E-5,0.8056
1364.2105263157891,-7.0E-5,0.8107
1447.3684210526312,1.3E-4,0.8053
1530.5263157894733,1.3E-4,0.7979
1613.6842105263154,-6.0E-5,0.8063
1696.8421052631575,3.0E-5,0.8019
1779.9999999999995,1.2E-4,0.7964
200.0,-5.1E-4,0.8334
283.1578947368421,-1.7E-4,0.8269
366.31578947368416,4.0E-5,0.8126
449.47368421052624,-2.0E-5,0.8144
532.6315789473683,-6.0E-5,0.8155
615.7894736842104,-3.0E-5,0.8033
698.9473684210525,7.0E-5,0.803
782.1052631578946,0.0,0.8093
865.2631578947367,-5.0E-5,0.8081
948.4210526315787,-1.3E-4,0.8051
1031.5789473684208,-5.0E-5,0.8065
1114.736842105263,1.6E-4,0.8004
1197.894736842105,7.0E-5,0.7973
1281.052631578947,4.0E-5,0.8075
1364.2105263157891,-1.1E-4,0.8007
1447.3684210526312,1.5E-4,0.8001
1530.5263157894733,-9.0E-5,0.8033
1613.6842105263154,-1.1E-4,0.8017
1696.8421052631575,2.0E-5,0.8034
1779.9999999999995,-1.5E-4,0.8097
200.0,-7.0E-4,0.8384
283.1578947368421,-2.0E-4,0.8248
366.31578947368416,-6.0E-5,0.8137
449.47368421052624,8.0E-5,0.8211
532.6315789473683,-2.5E-4,0.8098
615.7894736842104,1.0E-5,0.8001
698.9473684210525,1.9E-4,0.8145
782.1052631578946,-1.0E-5,0.811
865.2631578947367,-5.0E-5,0.8064
948.4210526315787,1.1E-4,0.809
1031.5789473684208,3.5E-4,0.8009
1114.736842105263,-1.1E-4,0.8023
1197.894736842105,4.0E-5,0.8072
1281.052631578947,-3.0E-5,0.8013
1364.2105263157891,-1.2E-4,0.8058
1447.3684210526312,-2.0E-5,0.8024
1530.5263157894733,-2.0E-5,0.8049
1613.6842105263154,0.0,0.8031
1696.8421052631575,3.0E-5,0.8056
1779.9999999999995,3.0E-5,0.799
200.0,-5.2E-4,0.8356
283.1578947368421,-1.3E-4,0.8226
366.31578947368416,1.0E-5,0.8159
449.47368421052624,-2.0E-5,0.8185
532.6315789473683,-2.0E-5,0.8185
615.7894736842104,4.0E-5,0.8162
698.9473684210525,-2.2E-4,0.8158
782.1052631578946,6.0E-5,0.8071
865.2631578947367,2.0E-5,0.8007
948.4210526315787,-8.0E-5,0.8028
1031.5789473684208,-5.0E-5,0.8017
1114.736842105263,-1.1E-4,0.8071
1197.894736842105,4.0E-5,0.7956
1281.052631578947,1.1E-4,0.8119
1364.2105263157891,2.0E-5,0.8016
1447.3684210526312,2.0E-5,0.8041
1530.5263157894733,-4.0E-5,0.8071
1613.6842105263154,6.0E-5,0.8063
1696.8421052631575,-1.2E-4,0.8081
1779.9999999999995,5.0E-5,0.8059
200.0,-4.8E-4,0.8418
283.1578947368421,-1.0E-4,0.8227
366.31578947368416,-2.1E-4,0.817
449.47368421052624,1.0E-5,0.8173
532.6315789473683,-1.4E-4,0.8143
615.7894736842104,1.3E-4,0.8011
698.9473684210525,1.5E-4,0.8096
782.1052631578946,8.0E-5,0.8071
865.2631578947367,-2.0E-4,0.808
948.4210526315787,1.1E-4,0.8073
1031.5789473684208,-1.0E-5,0.8057
1114.736842105263,-1.0E-4,0.807
1197.894736842105,-1.0E-4,0.8073
1281.052631578947,-2.2E-4,0.8049
1364.2105263157891,-1.0E-5,0.8063
1447.3684210526312,3.0E-5,0.804
1530.5263157894733,-4.0E-5,0.804
1613.6842105263154,-1.0E-5,0.8028
1696.8421052631575,1.9E-4,0.7958
1779.9999999999995,-5.0E-5,0.7945
200.0,-4.6E-4,0.8397
283.1578947368421,-1.8E-4,0.8253
366.31578947368416,-2.4E-4,0.8209
449.47368421052624,-1.6E-4,0.8171
532.6315789473683,-5.0E-5,0.8119
615.7894736842104,6.0E-5,0.8135
698.9473684210525,3.0E-5,0.8089
782.1052631578946,-1.8E-4,0.8134
865.2631578947367,-1.0E-4,0.8018
948.4210526315787,-4.0E-5,0.8086
1031.5789473684208,8.0E-5,0.8074
1114.736842105263,-2.0E-5,0.8026
1197.894736842105,3.0E-5,0.8039
1281.052631578947,0.0,0.8061
1364.2105263157891,1.8E-4,0.7997
1447.3684210526312,8.0E-5,0.8072
1530.5263157894733,3.0E-5,0.8002
1613.6842105263154,-1.1E-4,0.7992
1696.8421052631575,1.0E-5,0.802
1779.9999999999995,1.0E-4,0.8035
200.0,-4.2E-4,0.8318
283.1578947368421,-6.0E-5,0.8226
366.31578947368416,3.0E-5,0.8219
449.47368421052624,3.0E-5,0.8114
532.6315789473683,1.0E-5,0.8177
615.7894736842104,-1.2E-4,0.8093
698.9473684210525,-3.0E-5,0.8126
782.1052631578946,5.0E-5,0.8125
865.2631578947367,-4.0E-5,0.8093
948.4210526315787,-1.3E-4,0.8006
1031.5789473684208,-1.0E-5,0.8053
1114.736842105263,-1.3E-4,0.8047
1197.894736842105,-7.0E-5,0.8081
1281.052631578947,-7.0E-5,0.8051
1364.2105263157891,-4.0E-5,0.8071
1447.3684210526312,-9.0E-5,0.8086
1530.5263157894733,1.6E-4,0.8024
1613.6842105263154,2.0E-4,0.8008
1696.8421052631575,-4.0E-5,0.8019
1779.9999999999995,4.0E-5,0.8029
200.0,-4.2E-4,0.8344
283.1578947368421,-1.4E-4,0.8195
366.31578947368416,2.4E-4,0.8152
449.47368421052624,-1.2E-4,0.8143
532.6315789473683,4.0E-5,0.8111
615.7894736842104,-1.9E-4,0.8089
698.9473684210525,1.0E-5,0.8109
782.1052631578946,1.4E-4,0.8001
865.2631578947367,2.1E-4,0.8021
948.4210526315787,2.0E-5,0.8144
1031.5789473684208,2.0E-5,0.8032
1114.736842105263,-1.4E-4,0.8044
1197.894736842105,-3.0E-5,0.8025
1281.052631578947,-1.0E-5,0.8066
1364.2105263157891,3.0E-5,0.8026
1447.3684210526312,-1.0E-5,0.8032
1530.5263157894733,-5.0E-5,0.8054
1613.6842105263154,-6.0E-5,0.8035
1696.8421052631575,4.0E-5,0.8045
1779.9999999999995,4.0E-5,0.8043
200.0,-5.0E-4,0.8363
283.1578947368421,-3.1E-4,0.8203
366.31578947368416,-1.2E-4,0.8169
449.47368421052624,1.3E-4,0.815
532.6315789473683,-2.1E-4,0.8077
615.7894736842104,-3.0E-5,0.8112
698.9473684210525,-2.1E-4,0.8111
782.1052631578946,-2.0E-5,0.8083
865.2631578947367,0.0,0.8021
948.4210526315787,-1.3E-4,0.8102
1031.5789473684208,8.0E-5,0.8122
1114.736842105263,-1.1E-4,0.8082
1197.894736842105,-6.0E-5,0.8067
1281.052631578947,-1.3E-4,0.797
1364.2105263157891,5.0E-5,0.8067
1447.3684210526312,3.0E-5,0.8041
1530.5263157894733,-1.4E-4,0.8039
1613.6842105263154,-4.0E-5,0.799
1696.8421052631575,-3.0E-5,0.8027
1779.9999999999995,8.0E-5,0.8075
200.0,-4.5E-4,0.8407
283.1578947368421,5.0E-5,0.8246
366.31578947368416,1.0E-5,0.8201
449.47368421052624,-2.2E-4,0.8119
532.6315789473683,-1.0E-4,0.8044
615.7894736842104,-1.4E-4,0.8139
698.9473684210525,4.0E-5,0.8068
782.1052631578946,-1.4E-4,0.8129
865.2631578947367,-1.6E-4,0.81
948.4210526315787,-8.0E-5,0.8059
1031.5789473684208,2.0E-5,0.8057
1114.736842105263,-1.5E-4,0.7992
1197.894736842105,-6.0E-5,0.807
1281.052631578947,-1.0E-5,0.8056
1364.2105263157891,7.0E-5,0.8034
1447.3684210526312,2.0E-5,0.8165
1530.5263157894733,0.0,0.8049
1613.6842105263154,1.5E-4,0.8046
1696.8421052631575,1.8E-4,0.7957
1779.9999999999995,-1.3E-4,0.8121
200.0,-4.4E-4,0.838
283.1578947368421,-2.3E-4,0.8237
366.31578947368416,-7.0E-5,0.8199
449.47368421052624,1.0E-4,0.8149
532.6315789473683,-2.1E-4,0.8166
615.7894736842104,1.2E-4,0.8087
698.9473684210525,9.0E-5,0.8114
782.1052631578946,1.0E-5,0.811
865.2631578947367,1.8E-4,0.8099
948.4210526315787,-3.0E-5,0.8052
1031.5789473684208,9.0E-5,0.8008
1114.736842105263,-1.8E-4,0.8052
1197.894736842105,2.0E-5,0.8054
1281.052631578947,-2.2E-4,0.7928
1364.2105263157891,7.0E-5,0.806
1447.3684210526312,-8.0E-5,0.8064
1530.5263157894733,-1.2E-4,0.8063
1613.6842105263154,-1.1E-4,0.8013
1696.8421052631575,-8.0E-5,0.8045
1779.9999999999995,1.5E-4,0.8037
200.0,-5.4E-4,0.8446
283.1578947368421,-1.3E-4,0.82
366.31578947368416,-2.1E-4,0.8218
449.47368421052624,-2.1E-4,0.815
532.6315789473683,-6.0E-5,0.8139
615.7894736842104,-4.0E-5,0.8082
698.9473684210525,1.7E-4,0.808
782.1052631578946,-9.0E-5,0.8053
865.2631578947367,-4.0E-5,0.8123
948.4210526315787,-8.0E-5,0.8122
1031.5789473684208,-5.0E-5,0.8002
1114.736842105263,-8.0E-5,0.8034
1197.894736842105,-3.1E-4,0.8016
1281.052631578947,-2.5E-4,0.8001
1364.2105263157891,1.0E-5,0.8044
1447.3684210526312,-1.0E-5,0.8106
1530.5263157894733,-6.0E-5,0.8077
1613.6842105263154,-1.2E-4,0.8054
1696.8421052631575,1.1E-4,0.8079
1779.9999999999995,-4.0E-5,0.8054
200.0,-5.1E-4,0.8378
283.1578947368421,-2.0E-5,0.8216
366.31578947368416,-1.7E-4,0.8184
449.47368421052624,-6.0E-5,0.8147
532.6315789473683,2.0E-5,0.8109
615.7894736842104,6.0E-5,0.8138
698.9473684210525,-1.5E-4,0.8081
782.1052631578946,6.0E-5,0.8121
865.2631578947367,-2.1E-4,0.8136
948.4210526315787,-1.3E-4,0.8001
1031.5789473684208,1.0E-4,0.8023
1114.736842105263,-4.0E-5,0.8071
1197.894736842105,0.0,0.8057
1281.052631578947,1.0E-5,0.8047
1364.2105263157891,4.0E-5,0.8069
1447.3684210526312,4.0E-5,0.8019
1530.5263157894733,-7.0E-5,0.8048
1613.6842105263154,-1.9E-4,0.7978
1696.8421052631575,2.0E-5,0.8024
1779.9999999999995,-7.0E-5,0.8033
200.0,-5.2E-4,0.8313
283.1578947368421,-9.0E-5,0.8287
366.31578947368416,-1.3E-4,0.8175
449.47368421052624,6.0E-5,0.8089
532.6315789473683,-1.6E-4,0.8122
615.7894736842104,4.0E-5,0.806
698.9473684210525,2.0E-5,0.8133
782.1052631578946,0.0,0.8055
865.2631578947367,1.5E-4,0.8111
948.4210526315787,-2.6E-4,0.7991
1031.5789473684208,-2.0E-5,0.8063
1114.736842105263,-1.2E-4,0.8075
1197.894736842105,3.0E-5,0.8069
1281.052631578947,3.6E-4,0.8108
1364.2105263157891,-1.0E-5,0.8075
1447.3684210526312,1.6E-4,0.8058
1530.5263157894733,2.1E-4,0.807
1613.6842105263154,-1.1E-4,0.8041
1696.8421052631575,-2.0E-5,0.8059
1779.9999999999995,1.0E-5,0.7984
200.0,-4.4E-4,0.8352
283.1578947368421,-2.4E-4,0.8214
366.31578947368416,9.0E-5,0.8184
449.47368421052624,-2.9E-4,0.8185
532.6315789473683,3.0E-5,0.8148
615.7894736842104,-1.3E-4,0.8088
698.9473684210525,-1.5E-4,0.8141
782.1052631578946,1.0E-5,0.7977
865.2631578947367,3.0E-5,0.8164
948.4210526315787,-4.0E-5,0.8085
1031.5789473684208,7.0E-5,0.8047
1114.736842105263,-2.1E-4,0.8013
1197.894736842105,0.0,0.8132
1281.052631578947,-2.3E-4,0.8093
1364.2105263157891,2.0E-5,0.8016
1447.3684210526312,1.2E-4,0.8114
1530.5263157894733,-5.0E-5,0.802
1613.6842105263154,8.0E-5,0.7952
1696.8421052631575,-5.0E-5,0.8099
1779.9999999999995,2.0E-5,0.8052
200.0,-4.4E-4,0.8335
283.1578947368421,-8.0E-5,0.8266
366.31578947368416,-2.7E-4,0.817
449.47368421052624,0.0,0.8154
532.6315789473683,-2.0E-4,0.8162
615.7894736842104,-1.9E-4,0.8119
698.9473684210525,9.0E-5,0.8051
782.1052631578946,-1.1E-4,0.8068
865.2631578947367,2.1E-4,0.8046
948.4210526315787,-1.7E-4,0.8079
1031.5789473684208,0.0,0.807
1114.736842105263,-7.0E-5,0.8005
1197.894736842105,2.7E-4,0.8053
1281.052631578947,-2.4E-4,0.8115
1364.2105263157891,-4.0E-5,0.8027
1447.3684210526312,1.1E-4,0.8068
1530.5263157894733,2.1E-4,0.8015
1613.6842105263154,1.8E-4,0.8049
1696.8421052631575,-1.0E-5,0.7983
1779.9999999999995,-7.0E-5,0.8028
200.0,-5.0E-4,0.8336
283.1578947368421,-7.0E-5,0.8244
366.31578947368416,1.5E-4,0.8203
449.47368421052624,-1.4E-4,0.8173
532.6315789473683,-1.2E-4,0.8077
615.7894736842104,-1.4E-4,0.8107
698.9473684210525,-1.1E-4,0.8121
782.1052631578946,-2.0E-5,0.8113
865.2631578947367,-1.1E-4,0.8086
948.4210526315787,6.0E-5,0.813
1031.5789473684208,1.1E-4,0.8029
1114.736842105263,-6.0E-5,0.8051
1197.894736842105,1.0E-4,0.8008
1281.052631578947,-5.0E-5,0.8101
1364.2105263157891,2.2E-4,0.8046
1447.3684210526312,3.0E-5,0.8019
1530.5263157894733,4.0E-5,0.8043
1613.6842105263154,1.9E-4,0.8069
1696.8421052631575,2.6E-4,0.7991
1779.9999999999995,-9.0E-5,0.805
200.0,-5.2E-4,0.8352
283.1578947368421,-6.0E-5,0.815
366.31578947368416,-7.0E-5,0.8195
449.47368421052624,-1.1E-4,0.815
532.6315789473683,9.0E-5,0.8094
615.7894736842104,1.5E-4,0.8012
698.9473684210525,0.0,0.8143
782.1052631578946,-1.3E-4,0.8138
865.2631578947367,0.0,0.8062
948.4210526315787,-1.5E-4,0.8065
1031.5789473684208,-4.0E-5,0.8088
1114.736842105263,-4.0E-5,0.8035
1197.894736842105,-3.0E-5,0.7988
1281.052631578947,2.0E-5,0.7983
1364.2105263157891,-1.0E-4,0.7998
1447.3684210526312,-1.6E-4,0.8021
1530.5263157894733,-6.0E-5,0.8045
1613.6842105263154,1.0E-5,0.8044
1696.8421052631575,-3.0E-5,0.8027
1779.9999999999995,-9.0E-5,0.8007
200.0,-2.9E-4,0.8401
283.1578947368421,-2.7E-4,0.8203
366.31578947368416,-2.8E-4,0.8158
449.47368421052624,4.0E-5,0.8165
532.6315789473683,1.0E-4,0.8127
615.7894736842104,-1.0E-4,0.8032
698.9473684210525,-1.5E-4,0.8109
782.1052631578946,2.0E-5,0.8068
865.2631578947367,3.0E-5,0.8132
948.4210526315787,6.0E-5,0.8099
1031.5789473684208,1.5E-4,0.809
1114.736842105263,-3.0E-5,0.807
1197.894736842105,4.0E-5,0.8047
1281.052631578947,1.6E-4,0.7995
1364.2105263157891,1.7E-4,0.8051
1447.3684210526312,-4.0E-5,0.8067
1530.5263157894733,6.0E-5,0.8041
1613.6842105263154,3.0E-5,0.8098
1696.8421052631575,1.0E-4,0.8027
1779.9999999999995,-1.7E-4,0.808
200.0,-4.8E-4,0.8344
283.1578947368421,-2.1E-4,0.8255
366.31578947368416,-3.0E-5,0.8182
449.47368421052624,-6.0E-5,0.8099
532.6315789473683,1.3E-4,0.8076
615.7894736842104,-1.8E-4,0.8072
698.9473684210525,7.0E-5,0.7986
782.1052631578946,-9.0E-5,0.8102
865.2631578947367,-4.0E-5,0.8155
948.4210526315787,5.0E-5,0.8103
1031.5789473684208,-1.8E-4,0.8003
1114.736842105263,1.6E-4,0.8053
1197.894736842105,6.0E-5,0.8071
1281.052631578947,-1.9E-4,0.8063
1364.2105263157891,-2.0E-5,0.8037
1447.3684210526312,-2.3E-4,0.8039
1530.5263157894733,0.0,0.8041
1613.6842105263154,1.7E-4,0.7995
1696.8421052631575,1.2E-4,0.808
1779.9999999999995,1.0E-4,0.8115
200.0,-4.5E-4,0.8372
283.1578947368421,-1.2E-4,0.8228
366.31578947368416,-4.0E-5,0.8213
449.47368421052624,-1.4E-4,0.8161
532.6315789473683,0.0,0.8151
615.7894736842104,-9.0E-5,0.8067
698.9473684210525,2.3E-4,0.8082
782.1052631578946,-3.0E-5,0.8112
865.2631578947367,-3.0E-5,0.8104
948.4210526315787,-1.9E-4,0.805
1031.5789473684208,2.0E-5,0.8049
1114.736842105263,-1.1E-4,0.8098
1197.894736842105,1.4E-4,0.8059
1281.052631578947,2.0E-5,0.7989
1364.2105263157891,-3.0E-5,0.8021
1447.3684210526312,1.6E-4,0.7951
1530.5263157894733,1.0E-4,0.8069
1613.6842105263154,1.0E-5,0.8041
1696.8421052631575,2.0E-5,0.8154
1779.9999999999995,-1.2E-4,0.8057
200.0,-5.0E-4,0.8388
283.1578947368421,-2.1E-4,0.8254
366.31578947368416,-6.0E-5,0.8217
449.47368421052624,-8.0E-5,0.8163
532.6315789473683,3.0E-5,0.8202
615.7894736842104,-1.3E-4,0.8141
698.9473684210525,8.0E-5,0.8029
782.1052631578946,-3.0E-5,0.813
865.2631578947367,6.0E-5,0.8061
948.4210526315787,-2.7E-4,0.8023
1031.5789473684208,-2.0E-5,0.804
1114.736842105263,-9.0E-5,0.8017
1197.894736842105,-2.0E-5,0.8051
1281.052631578947,6.0E-5,0.8047
1364.2105263157891,-6.0E-5,0.8047
1447.3684210526312,-3.0E-5,0.8072
1530.5263157894733,4.0E-5,0.803
1613.6842105263154,-6.0E-5,0.8058
1696.8421052631575,2.0E-5,0.8082
1779.9999999999995,6.0E-5,0.8119
200.0,-5.8E-4,0.832
283.1578947368421,-2.0E-4,0.8275
366.31578947368416,3.0E-5,0.8163
449.47368421052624,-1.3E-4,0.818
532.6315789473683,-3.8E-4,0.8125
615.7894736842104,6.0E-5,0.8132
698.9473684210525,-1.6E-4,0.8096
782.1052631578946,-5.0E-5,0.8106
865.2631578947367,1.4E-4,0.8046
948.4210526315787,-1.5E-4,0.8114
1031.5789473684208,0.0,0.808
1114.736842105263,-1.9E-4,0.8108
1197.894736842105,7.0E-5,0.8066
1281.052631578947,-1.6E-4,0.8035
1364.2105263157891,9.0E-5,0.7981
1447.3684210526312,-1.6E-4,0.8069
1530.5263157894733,2.7E-4,0.8014
1613.6842105263154,2.0E-5,0.8027
1696.8421052631575,-1.5E-4,0.8042
1779.9999999999995,-2.0E-5,0.8072
200.0,-4.2E-4,0.8402
283.1578947368421,0.0,0.8213
366.31578947368416,-4.0E-4,0.8226
449.47368421052624,-1.7E-4,0.8138
532.6315789473683,-6.0E-5,0.8099
615.7894736842104,1.8E-4,0.808
698.9473684210525,0.0,0.8079
782.1052631578946,-2.1E-4,0.8091
865.2631578947367,-2.0E-5,0.8037
948.4210526315787,0.0,0.8065
1031.5789473684208,-2.0E-5,0.8094
1114.736842105263,-1.4E-4,0.8058
1197.894736842105,-1.1E-4,0.7947
1281.052631578947,-4.0E-5,0.8076
1364.2105263157891,-1.1E-4,0.8099
1447.3684210526312,-4.0E-5,0.8072
1530.5263157894733,-1.3E-4,0.8096
1613.6842105263154,0.0,0.8138
1696.8421052631575,1.5E-4,0.8032
1779.9999999999995,-7.0E-5,0.8011
200.0,-3.7E-4,0.8343
283.1578947368421,-1.6E-4,0.8219
366.31578947368416,-6.0E-5,0.8161
449.47368421052624,-1.6E-4,0.8186
532.6315789473683,-1.5E-4,0.8036
615.7894736842104,-2.8E-4,0.8126
698.9473684210525,-1.0E-4,0.8086
782.1052631578946,6.0E-5,0.8054
865.2631578947367,-1.1E-4,0.813
948.4210526315787,8.0E-5,0.8032
1031.5789473684208,7.0E-5,0.8026
1114.736842105263,4.0E-5,0.8037
1197.894736842105,-7.0E-5,0.8028
1281.052631578947,-6.0E-5,0.8021
1364.2105263157891,-2.0E-4,0.8063
1447.3684210526312,0.0,0.8033
1530.5263157894733,-9.0E-5,0.8033
1613.6842105263154,-9.0E-5,0.8107
1696.8421052631575,-3.0E-5,0.8036
1779.9999999999995,-1.4E-4,0.8049
200.0,-4.1E-4,0.8391
283.1578947368421,-5.0E-5,0.8282
366.31578947368416,-2.1E-4,0.8112
449.47368421052624,-4.0E-5,0.8146
532.6315789473683,-1.0E-5,0.8118
615.7894736842104,-3.0E-5,0.8096
698.9473684210525,2.0E-5,0.8059
782.1052631578946,5.0E-5,0.8106
865.2631578947367,-2.3E-4,0.8088
948.4210526315787,0.0,0.8084
1031.5789473684208,-1.8E-4,0.8063
1114.736842105263,1.5E-4,0.8056
1197.894736842105,-2.0E-5,0.8029
1281.052631578947,-4.0E-5,0.8071
1364.2105263157891,-1.0E-5,0.8054
1447.3684210526312,-6.0E-5,0.8029
1530.5263157894733,1.2E-4,0.8035
1613.6842105263154,1.3E-4,0.8003
1696.8421052631575,0.0,0.8011
1779.9999999999995,9.0E-5,0.804
200.0,-4.4E-4,0.8387
283.1578947368421,-8.0E-5,0.8265
366.31578947368416,-2.9E-4,0.8197
449.47368421052624,-3.0E-5,0.8116
532.6315789473683,1.5E-4,0.8082
615.7894736842104,-1.2E-4,0.811
698.9473684210525,-7.0E-5,0.8085
782.1052631578946,7.0E-5,0.8089
865.2631578947367,1.3E-4,0.8115
948.4210526315787,-5.0E-5,0.8059
1031.5789473684208,-5.0E-5,0.811
1114.736842105263,-9.0E-5,0.8037
1197.894736842105,8.0E-5,0.8078
1281.052631578947,-3.0E-5,0.8139
1364.2105263157891,-1.2E-4,0.8106
1447.3684210526312,-1.8E-4,0.8042
1530.5263157894733,3.0E-5,0.7991
1613.6842105263154,-2.0E-5,0.8089
1696.8421052631575,-2.0E-5,0.8028
1779.9999999999995,-5.0E-5,0.804
200.0,-4.8E-4,0.835
283.1578947368421,-2.0E-5,0.8205
366.31578947368416,1.1E-4,0.815
449.47368421052624,-2.7E-4,0.8119
532.6315789473683,6.0E-5,0.8073
615.7894736842104,-4.0E-5,0.8006
698.9473684210525,-7.0E-5,0.8084
782.1052631578946,-5.0E-5,0.8053
865.2631578947367,-5.0E-5,0.8079
948.4210526315787,-8.0E-5,0.8146
1031.5789473684208,-6.0E-5,0.8099
1114.736842105263,7.0E-5,0.806
1197.894736842105,-3.0E-5,0.7981
1281.052631578947,-2.1E-4,0.8013
1364.2105263157891,1.4E-4,0.8036
1447.3684210526312,-5.0E-5,0.803
1530.5263157894733,-8.0E-5,0.8075
1613.6842105263154,-1.0E-4,0.8088
1696.8421052631575,2.1E-4,0.8048
1779.9999999999995,-1.4E-4,0.8085
200.0,-4.7E-4,0.8409
283.1578947368421,-1.9E-4,0.8197
366.31578947368416,-3.0E-5,0.8144
449.47368421052624,1.9E-4,0.8167
532.6315789473683,1.1E-4,0.8079
615.7894736842104,-1.6E-4,0.8041
698.9473684210525,-2.1E-4,0.8077
782.1052631578946,2.0E-5,0.8087
865.2631578947367,-2.1E-4,0.8169
948.4210526315787,7.0E-5,0.8095
1031.5789473684208,1.8E-4,0.8068
1114.736842105263,1.6E-4,0.8012
1197.894736842105,6.0E-5,0.8034
1281.052631578947,-5.0E-5,0.8042
1364.2105263157891,7.0E-5,0.8026
1447.3684210526312,4.0E-5,0.8019
1530.5263157894733,-8.0E-5,0.8042
1613.6842105263154,-6.0E-5,0.8006
1696.8421052631575,1.5E-4,0.8029
1779.9999999999995,-1.1E-4,0.8035
200.0,-4.8E-4,0.8431
283.1578947368421,-7.0E-5,0.8252
366.31578947368416,-1.9E-4,0.8161
449.47368421052624,-8.0E-5,0.8199
532.6315789473683,8.0E-5,0.8105
615.7894736842104,-4.0E-5,0.8032
698.9473684210525,9.0E-5,0.8054
782.1052631578946,-7.0E-5,0.8047
865.2631578947367,-2.2E-4,0.8065
948.4210526315787,-8.0E-5,0.8002
1031.5789473684208,6.0E-5,0.805
1114.736842105263,2.0E-4,0.8098
1197.894736842105,-1.7E-4,0.812
1281.052631578947,2.2E-4,0.8077
1364.2105263157891,1.0E-4,0.813
1447.3684210526312,3.0E-5,0.8045
1530.5263157894733,1.9E-4,0.8021
1613.6842105263154,-1.2E-4,0.8066
1696.8421052631575,-2.7E-4,0.806
1779.9999999999995,-9.0E-5,0.8099
200.0,-6.5E-4,0.8396
283.1578947368421,-2.6E-4,0.8184
366.31578947368416,-9.0E-5,0.8197
449.47368421052624,-4.0E-5,0.8156
532.6315789473683,-1.6E-4,0.8099
615.7894736842104,-2.3E-4,0.8094
698.9473684210525,-5.0E-5,0.8124
782.1052631578946,-2.0E-4,0.8111
865.2631578947367,-1.1E-4,0.8021
948.4210526315787,-1.0E-5,0.809
1031.5789473684208,-1.0E-5,0.803
1114.736842105263,-1.1E-4,0.8028
1197.894736842105,-9.0E-5,0.803
1281.052631578947,1.3E-4,0.8008
1364.2105263157891,1.7E-4,0.8075
1447.3684210526312,-1.6E-4,0.7983
1530.5263157894733,-3.0E-5,0.8042
1613.6842105263154,-1.3E-4,0.806
1696.8421052631575,1.2E-4,0.8023
1779.9999999999995,9.0E-5,0.8078
200.0,-6.0E-4,0.8357
283.1578947368421,-2.7E-4,0.8276
366.31578947368416,-2.0E-4,0.8178
449.47368421052624,-2.3E-4,0.8157
532.6315789473683,-6.0E-5,0.8094
615.7894736842104,-1.1E-4,0.8119
698.9473684210525,-2.0E-5,0.8121
782.1052631578946,1.8E-4,0.8076
865.2631578947367,-7.0E-5,0.8085
948.4210526315787,-1.5E-4,0.8017
1031.5789473684208,-1.0E-5,0.8143
1114.736842105263,0.0,0.8082
1197.894736842105,6.0E-5,0.8095
1281.052631578947,6.0E-5,0.8058
1364.2105263157891,-1.1E-4,0.8051
1447.3684210526312,-7.0E-5,0.8027
1530.5263157894733,-3.0E-5,0.8054
1613.6842105263154,2.0E-5,0.8003
1696.8421052631575,0.0,0.8076
1779.9999999999995,2.2E-4,0.7938
200.0,-5.7E-4,0.8421
283.1578947368421,-2.0E-4,0.8218
366.31578947368416,-3.6E-4,0.8217
449.47368421052624,-1.8E-4,0.8239
532.6315789473683,6.0E-5,0.8162
615.7894736842104,-5.0E-5,0.8068
698.9473684210525,-1.3E-4,0.8093
782.1052631578946,3.0E-5,0.8043
865.2631578947367,1.6E-4,0.8041
948.4210526315787,-9.0E-5,0.812
1031.5789473684208,5.0E-5,0.8084
1114.736842105263,3.0E-5,0.8044
1197.894736842105,-1.3E-4,0.8089
1281.052631578947,7.0E-5,0.8024
1364.2105263157891,1.4E-4,0.8026
1447.3684210526312,1.9E-4,0.8033
1530.5263157894733,4.0E-5,0.8092
1613.6842105263154,-1.0E-5,0.8063
1696.8421052631575,-1.3E-4,0.8062
1779.9999999999995,5.0E-5,0.8013
200.0,-5.0E-4,0.8398
283.1578947368421,-4.6E-4,0.8219
366.31578947368416,-1.0E-4,0.8149
449.47368421052624,-1.5E-4,0.8197
532.6315789473683,-4.0E-5,0.8118
615.7894736842104,-8.0E-5,0.8077
698.9473684210525,-8.0E-5,0.813
782.1052631578946,7.0E-5,0.8116
865.2631578947367,-1.8E-4,0.805
948.4210526315787,-7.0E-5,0.8078
1031.5789473684208,-1.2E-4,0.8094
1114.736842105263,-2.2E-4,0.8089
1197.894736842105,-5.0E-5,0.8051
1281.052631578947,-2.0E-5,0.8011
1364.2105263157891,5.0E-5,0.8109
1447.3684210526312,1.0E-4,0.8117
1530.5263157894733,-2.2E-4,0.8025
1613.6842105263154,7.0E-5,0.7993
1696.8421052631575,6.0E-5,0.8086
1779.9999999999995,-6.0E-5,0.8053
200.0,-3.1E-4,0.8398
283.1578947368421,-2.0E-4,0.8223
366.31578947368416,-1.6E-4,0.8177
449.47368421052624,-1.6E-4,0.8132
532.6315789473683,2.0E-5,0.814
615.7894736842104,1.3E-4,0.8118
698.9473684210525,1.3E-4,0.8113
782.1052631578946,-9.0E-5,0.8056
865.2631578947367,2.0E-5,0.8036
948.4210526315787,8.0E-5,0.8063
1031.5789473684208,-1.3E-4,0.8071
1114.736842105263,5.0E-5,0.8072
1197.894736842105,5.0E-5,0.8059
1281.052631578947,-8.0E-5,0.8048
1364.2105263157891,-1.0E-5,0.8028
1447.3684210526312,-6.0E-5,0.8024
1530.5263157894733,2.0E-5,0.808
1613.6842105263154,-9.0E-5,0.803
1696.8421052631575,-6.0E-5,0.8036
1779.9999999999995,-8.0E-5,0.8076
200.0,-4.1E-4,0.84
283.1578947368421,-2.4E-4,0.8155
366.31578947368416,-1.6E-4,0.8171
449.47368421052624,-8.0E-5,0.8157
532.6315789473683,-3.0E-5,0.8145
615.7894736842104,-2.4E-4,0.8083
698.9473684210525,1.1E-4,0.8072
782.1052631578946,0.0,0.8074
865.2631578947367,-1.0E-5,0.8121
948.4210526315787,-4.0E-5,0.7997
1031.5789473684208,7.0E-5,0.807
1114.736842105263,-8.0E-5,0.8071
1197.894736842105,-2.0E-4,0.8058
1281.052631578947,6.0E-5,0.8054
1364.2105263157891,-1.3E-4,0.7992
1447.3684210526312,2.1E-4,0.8022
1530.5263157894733,-3.0E-5,0.8019
1613.6842105263154,7.0E-5,0.8026
1696.8421052631575,2.0E-5,0.8079
1779.9999999999995,-9.0E-5,0.7996
200.0,-3.9E-4,0.8344
283.1578947368421,-1.1E-4,0.8305
366.31578947368416,-2.3E-4,0.8103
449.47368421052624,1.9E-4,0.8112
532.6315789473683,-1.6E-4,0.8051
615.7894736842104,-2.0E-5,0.8137
698.9473684210525,-1.0E-4,0.8116
782.1052631578946,1.0E-5,0.8177
865.2631578947367,-8.0E-5,0.8062
948.4210526315787,8.0E-5,0.8066
1031.5789473684208,1.3E-4,0.7996
1114.736842105263,5.0E-5,0.8005
1197.894736842105,-9.0E-5,0.8068
1281.052631578947,7.0E-5,0.8123
1364.2105263157891,2.0E-5,0.8046
1447.3684210526312,-5.0E-5,0.8069
1530.5263157894733,1.9E-4,0.8037
1613.6842105263154,1.2E-4,0.8
1696.8421052631575,1.2E-4,0.7991
1779.9999999999995,3.0E-5,0.8045
200.0,-5.0E-4,0.8349
283.1578947368421,-2.2E-4,0.8214
366.31578947368416,7.0E-5,0.8204
449.47368421052624,-2.0E-5,0.812
532.6315789473683,-1.2E-4,0.8222
615.7894736842104,1.2E-4,0.8035
698.9473684210525,-9.0E-5,0.8067
782.1052631578946,-1.8E-4,0.8092
865.2631578947367,-2.1E-4,0.8077
948.4210526315787,-9.0E-5,0.8037
1031.5789473684208,-2.4E-4,0.8071
1114.736842105263,1.5E-4,0.8051
1197.894736842105,-1.0E-5,0.8052
1281.052631578947,3.0E-5,0.7998
1364.2105263157891,1.6E-4,0.7989
1447.3684210526312,-3.0E-5,0.8013
1530.5263157894733,4.0E-5,0.8046
1613.6842105263154,-2.4E-4,0.8102
1696.8421052631575,-9.0E-5,0.7978
1779.9999999999995,-9.0E-5,0.8023
200.0,-3.3E-4,0.8334
283.1578947368421,-7.0E-5,0.823
366.31578947368416,-4.0E-5,0.8172
449.47368421052624,2.0E-5,0.8117
532.6315789473683,-1.0E-4,0.8135
615.7894736842104,-6.0E-5,0.815
698.9473684210525,-1.1E-4,0.8113
782.1052631578946,7.0E-5,0.8104
865.2631578947367,-1.2E-4,0.808
948.4210526315787,-3.0E-5,0.8056
1031.5789473684208,-9.0E-5,0.8137
1114.736842105263,-1.0E-5,0.8074
1197.894736842105,6.0E-5,0.8022
1281.052631578947,2.2E-4,0.8065
1364.2105263157891,-1.6E-4,0.8117
1447.3684210526312,-3.0E-5,0.7967
1530.5263157894733,-4.0E-5,0.8041
1613.6842105263154,-1.3E-4,0.8071
1696.8421052631575,-9.0E-5,0.8062
1779.9999999999995,-2.0E-5,0.8046
200.0,-3.3E-4,0.8386
283.1578947368421,-3.7E-4,0.8276
366.31578947368416,-1.4E-4,0.8208
449.47368421052624,-1.0E-5,0.8119
532.6315789473683,0.0,0.8173
615.7894736842104,-5.0E-5,0.818
698.9473684210525,1.0E-4,0.8038
782.1052631578946,-1.0E-5,0.8109
865.2631578947367,4.0E-5,0.8104
948.4210526315787,4.0E-5,0.8107
1031.5789473684208,6.0E-5,0.8064
1114.736842105263,8.0E-5,0.8022
1197.894736842105,1.1E-4,0.801
1281.052631578947,-1.8E-4,0.8101
1364.2105263157891,-2.1E-4,0.8051
1447.3684210526312,-8.0E-5,0.8064
1530.5263157894733,7.0E-5,0.8
1613.6842105263154,-8.0E-5,0.8045
1696.8421052631575,3.0E-5,0.8066
1779.9999999999995,1.1E-4,0.8069
200.0,-5.1E-4,0.8452
283.1578947368421,-3.7E-4,0.8288
366.31578947368416,-1.0E-4,0.8193
449.47368421052624,1.0E-5,0.8159
532.6315789473683,-4.0E-5,0.8114
615.7894736842104,-1.0E-5,0.8124
698.9473684210525,-5.0E-5,0.8036
782.1052631578946,2.8E-4,0.8081
865.2631578947367,1.0E-4,0.8091
948.4210526315787,-1.4E-4,0.8087
1031.5789473684208,-1.0E-4,0.8054
1114.736842105263,-1.0E-5,0.8161
1197.894736842105,1.2E-4,0.804
1281.052631578947,3.0E-5,0.8014
1364.2105263157891,-1.5E-4,0.8058
1447.3684210526312,1.0E-5,0.8102
1530.5263157894733,-5.0E-5,0.8049
1613.6842105263154,-8.0E-5,0.7998
1696.8421052631575,3.0E-5,0.802
1779.9999999999995,-1.2E-4,0.7954
200.0,-4.7E-4,0.8332
283.1578947368421,-2.1E-4,0.8219
366.31578947368416,-1.5E-4,0.8178
449.47368421052624,-1.1E-4,0.816
532.6315789473683,4.0E-5,0.8119
615.7894736842104,-1.0E-5,0.8125
698.9473684210525,8.0E-5,0.8084
782.1052631578946,-3.0E-5,0.7962
865.2631578947367,-1.2E-4,0.8135
948.4210526315787,6.0E-5,0.8057
1031.5789473684208,6.0E-5,0.8076
1114.736842105263,9.0E-5,0.7998
1197.894736842105,-1.0E-4,0.803
1281.052631578947,-2.9E-4,0.7981
1364.2105263157891,1.6E-4,0.8048
1447.3684210526312,3.0E-5,0.8064
1530.5263157894733,0.0,0.8118
1613.6842105263154,-3.0E-5,0.8039
1696.8421052631575,-2.0E-5,0.8104
1779.9999999999995,-1.1E-4,0.8006
